left	right	score
0	0	1.0000001192092896
1	1	0.9999998807907104
2	2	0.9999998807907104
2	0	0.894024670124054
0	2	0.894024670124054
0	1	0.8231744766235352
1	0	0.8231744766235352
1	2	0.5107727646827698
2	1	0.5107727646827698
5	1	0.18397104740142822
